{"capture_base":"ESpEGEsHWPjUbg4GzC6wgpRrxGnxvB2WBZwg1RcP-jLQ","digest":"EyQSfjRvFSgitP9gger2CJTvOfHFMFhLwZCqfPZ-s5pQ","type":"spec/overlays/label/1.0","language":"en","attribute_labels":{"BatteryVolts_Min__Min":"BatteryVolts_Min","BatteryVolts_Std__Std":"BatteryVolts_Std","CR1000Temp_Max__Max":"CR1000Temp_Max","CR1000Temp_Min__Min":"CR1000Temp_Min","LaserHeater_Volts_Smp":"LaserHeater","TGATemp1_Max_degC_Max":"TGATemp1_Max","TGATemp1_Min_degC_Min":"TGATemp1_Min","TGATemp2_Max_degC_Max":"TGATemp2_Max","TGATemp2_Min_degC_Min":"TGATemp2_Min","TIMESTAMP_TS_":"TIMESTAMP_TS_"},"attribute_categories":[],"category_labels":{}}