{"capture_base":"EuxV1GWXY_1Wc58l6UFaEYSX959llMXa169H6ZoHodUQ","digest":"E2He9zDbvIIrqPKqRNi_uW2tqnyzOmDsO_XxQsX_s6kI","type":"spec/overlays/information/1.0","language":"en","attribute_information":{"AirTC_H_Avg__Avg":"","CG3DnCo_Avg_mV_Avg":"","CG3Dn_Avg_mV_Avg":"","CG3UpCo_Avg_mV_Avg":"","CG3Up_Avg_mV_Avg":"","CM3Dn_Avg_mV_Avg":"","CM3Up_Avg_mV_Avg":"","CNR1TC_Avg_C_Avg":"","CO2_ir_Avg_mgm3_Avg":"","CO2_ir_Std_mgm3_Std":"","CO2_sig_strgth_ir_Avg_arb_Avg":"","CO2_sig_strgth_ir_Std_arb_Std":"","Fc_irga_g(m2 s)_Smp":"","H2O_ir_Avg_gm3_Avg":"","H2O_ir_Std_gm3_Std":"","H2O_sig_strgth_ir_Avg_arb_Avg":"","H2O_sig_strgth_ir_Std_arb_Std":"","Hs_Wm2_Smp":"","LE_irga_Wm2_Smp":"","RH_H_Avg__Avg":"","TIMESTAMP_TS_":"format: YYYY:MM:DD HH:MM:SS","Ts_ir_Avg_C_Avg":"","Ts_ir_Std_C_Std":"","Ux_ir_Avg_ms_Avg":"","Ux_ir_Std_ms_Std":"","Uy_ir_Avg_ms_Avg":"","Uy_ir_Std_ms_Std":"","Uz_ir_Avg_ms_Avg":"","Uz_ir_Std_ms_Std":"","batt_volt_Min_V_Min":"","cell_press_ir_Std_kPa_Std":"","cell_tmpr_ir_Avg_C_Avg":"","cov_Ts_Uz_m Cs_Smp":"","cov_Ux_Uz_(ms)2_Smp":"","cov_Uy_Uz_(ms)2_Smp":"","cov_Uz_Uz_(ms)2_Smp":"","cov_co2_Uz_mg(m2 s)_Smp":"","cov_h2o_Uz_g(m2 s)_Smp":"","diag_irga_ir_Tot_arb_Tot":"","diag_sonic_ir_Tot_arb_Tot":"","panel_temp_Avg_C_Avg":"","std_wnd_dir_degrees_Smp":"","tau_kg(m s2)_Smp":"","u_star_ms_Smp":"","wnd_dir_compass_degrees_Smp":"","wnd_dir_csat3_degrees_Smp":"","wnd_spd_compass_ms_Smp":"","wnd_spd_ms_Smp":""}}