{"capture_base":"EuxV1GWXY_1Wc58l6UFaEYSX959llMXa169H6ZoHodUQ","digest":"E3P_o7v_LJL0ON5XzM1cndGbYAvaxcTE52J7dSeKIPGg","type":"spec/overlays/unit/1.0","metric_system":"","attribute_units":{"CG3DnCo_Avg_mV_Avg":"mV","CG3Dn_Avg_mV_Avg":"mV","CG3UpCo_Avg_mV_Avg":"mV","CG3Up_Avg_mV_Avg":"mV","CM3Dn_Avg_mV_Avg":"mV","CM3Up_Avg_mV_Avg":"mV","CNR1TC_Avg_C_Avg":"C","CO2_ir_Avg_mgm3_Avg":"mg/m^3","CO2_ir_Std_mgm3_Std":"mg/m^3","CO2_sig_strgth_ir_Avg_arb_Avg":"arb","CO2_sig_strgth_ir_Std_arb_Std":"arb","Fc_irga_g(m2 s)_Smp":"g(m^2)s","H2O_ir_Avg_gm3_Avg":"g/m^3","H2O_ir_Std_gm3_Std":"g/m^3","H2O_sig_strgth_ir_Avg_arb_Avg":"arb","H2O_sig_strgth_ir_Std_arb_Std":"arb","Hs_Wm2_Smp":"W/m^2","LE_irga_Wm2_Smp":"W/m^2","TIMESTAMP_TS_":"s","Ts_ir_Avg_C_Avg":"C","Ts_ir_Std_C_Std":"C","Ux_ir_Avg_ms_Avg":"m/s","Ux_ir_Std_ms_Std":"m/s","Uy_ir_Avg_ms_Avg":"m/s","Uy_ir_Std_ms_Std":"m/s","Uz_ir_Avg_ms_Avg":"m/s","Uz_ir_Std_ms_Std":"m/s","batt_volt_Min_V_Min":"V","cell_press_ir_Std_kPa_Std":"kPa","cell_tmpr_ir_Avg_C_Avg":"C","cov_Ts_Uz_m Cs_Smp":"C/s","cov_Ux_Uz_(ms)2_Smp":"(m/s)^2","cov_Uy_Uz_(ms)2_Smp":"(m/s)^2","cov_Uz_Uz_(ms)2_Smp":"(m/s)^2","cov_co2_Uz_mg(m2 s)_Smp":"mg/(m^2)s","cov_h2o_Uz_g(m2 s)_Smp":"g/(m^2)s","diag_irga_ir_Tot_arb_Tot":"arb","diag_sonic_ir_Tot_arb_Tot":"arb","panel_temp_Avg_C_Avg":"C","std_wnd_dir_degrees_Smp":"degrees","tau_kg(m s2)_Smp":"kg/(s^2)m","u_star_ms_Smp":"m/s","wnd_dir_compass_degrees_Smp":"degrees","wnd_dir_csat3_degrees_Smp":"degrees","wnd_spd_compass_ms_Smp":"m/s","wnd_spd_ms_Smp":"degrees"}}