{"capture_base":"EuxV1GWXY_1Wc58l6UFaEYSX959llMXa169H6ZoHodUQ","digest":"E3_QRJEvtYOUTF6delV1JyD3sHPqGqqEpea0uwBuDHGk","type":"spec/overlays/label/1.0","language":"en","attribute_labels":{"AirTC_H_Avg__Avg":"AirTC_H_Avg","CG3DnCo_Avg_mV_Avg":"CG3DnCo_Avg","CG3Dn_Avg_mV_Avg":"CG3Dn_Avg","CG3UpCo_Avg_mV_Avg":"CG3UpCo_Avg","CG3Up_Avg_mV_Avg":"CG3Up_Avg","CM3Dn_Avg_mV_Avg":"CM3Dn_Avg","CM3Up_Avg_mV_Avg":"CM3Up_Avg","CNR1TC_Avg_C_Avg":"CNR1TC_Avg","CO2_ir_Avg_mgm3_Avg":"CO2_ir_Avg","CO2_ir_Std_mgm3_Std":"CO2_ir_Std","CO2_sig_strgth_ir_Avg_arb_Avg":"CO2_sig_strgth_ir_Avg","CO2_sig_strgth_ir_Std_arb_Std":"CO2_sig_strgth_ir_Std","Fc_irga_g(m2 s)_Smp":"Fc_irga","H2O_ir_Avg_gm3_Avg":"H2O_ir_Avg","H2O_ir_Std_gm3_Std":"H2O_ir_Std","H2O_sig_strgth_ir_Avg_arb_Avg":"H2O_sig_strgth_ir_Avg","H2O_sig_strgth_ir_Std_arb_Std":"H2O_sig_strgth_ir_Std","Hs_Wm2_Smp":"Hs","LE_irga_Wm2_Smp":"LE_irga","RH_H_Avg__Avg":"RH_H_Avg","TIMESTAMP_TS_":"TIMESTAMP","Ts_ir_Avg_C_Avg":"Ts_ir_Avg","Ts_ir_Std_C_Std":"Ts_ir_Std","Ux_ir_Avg_ms_Avg":"Ux_ir_Avg","Ux_ir_Std_ms_Std":"Ux_ir_Std","Uy_ir_Avg_ms_Avg":"Uy_ir_Avg","Uy_ir_Std_ms_Std":"Uy_ir_Std","Uz_ir_Avg_ms_Avg":"Uz_ir_Avg","Uz_ir_Std_ms_Std":"Uz_ir_Std","batt_volt_Min_V_Min":"batt_volt_Min","cell_press_ir_Std_kPa_Std":"cell_press_ir","cell_tmpr_ir_Avg_C_Avg":"cell_tmpr_ir","cov_Ts_Uz_m Cs_Smp":"cov_Ts_Uz","cov_Ux_Uz_(ms)2_Smp":"cov_Ux_Uz","cov_Uy_Uz_(ms)2_Smp":"cov_Uy_Uz","cov_Uz_Uz_(ms)2_Smp":"cov_Uz_Uz","cov_co2_Uz_mg(m2 s)_Smp":"cov_co2_Uz","cov_h2o_Uz_g(m2 s)_Smp":"cov_h2o_Uz","diag_irga_ir_Tot_arb_Tot":"diag_irga_ir_Tot","diag_sonic_ir_Tot_arb_Tot":"diag_sonic_ir_Tot","panel_temp_Avg_C_Avg":"panel_temp_Avg","std_wnd_dir_degrees_Smp":"std_wnd_dir","tau_kg(m s2)_Smp":"tau","u_star_ms_Smp":"u_star","wnd_dir_compass_degrees_Smp":"wnd_dir_compass","wnd_dir_csat3_degrees_Smp":"wnd_dir_csat3","wnd_spd_compass_ms_Smp":"wnd_spd_compass","wnd_spd_ms_Smp":"wnd_spd"},"attribute_categories":[],"category_labels":{}}